trades,wr,pf,ret,maxdd,tp,sl,lock,rwi
74,47.3,1.483,38.15,26.57,0.03,0.02,0.005,1.0
74,47.3,1.483,38.15,26.57,0.03,0.02,0.01,1.0
74,47.3,1.483,38.15,26.57,0.03,0.02,0.015,1.0
74,47.3,1.483,38.15,26.57,0.03,0.02,0.02,1.0
74,51.35,1.443,37.61,29.23,0.03,0.04,0.005,1.0
74,51.35,1.443,37.61,29.23,0.03,0.04,0.01,1.0
74,51.35,1.443,37.61,29.23,0.03,0.04,0.015,1.0
74,51.35,1.443,37.61,29.23,0.03,0.04,0.02,1.0
74,50.0,1.433,35.67,27.6,0.03,0.025,0.005,1.0
74,50.0,1.433,35.67,27.6,0.03,0.025,0.01,1.0
74,50.0,1.433,35.67,27.6,0.03,0.025,0.015,1.0
74,50.0,1.433,35.67,27.6,0.03,0.025,0.02,1.0
34,52.94,1.388,14.31,17.31,0.03,0.025,0.005,1.2
34,52.94,1.388,14.31,17.31,0.03,0.025,0.01,1.2
34,52.94,1.388,14.31,17.31,0.03,0.025,0.015,1.2
34,52.94,1.388,14.31,17.31,0.03,0.025,0.02,1.2
74,50.0,1.364,30.24,28.17,0.03,0.03,0.005,1.0
74,50.0,1.364,30.24,28.17,0.03,0.03,0.01,1.0
74,50.0,1.364,30.24,28.17,0.03,0.03,0.015,1.0
74,50.0,1.364,30.24,28.17,0.03,0.03,0.02,1.0
91,47.25,1.323,32.15,31.35,0.03,0.04,0.005,0.8
91,47.25,1.323,32.15,31.35,0.03,0.04,0.01,0.8
91,47.25,1.323,32.15,31.35,0.03,0.04,0.015,0.8
91,47.25,1.323,32.15,31.35,0.03,0.04,0.02,0.8
34,47.06,1.321,11.37,18.83,0.03,0.02,0.005,1.2
34,47.06,1.321,11.37,18.83,0.03,0.02,0.01,1.2
34,47.06,1.321,11.37,18.83,0.03,0.02,0.015,1.2
34,47.06,1.321,11.37,18.83,0.03,0.02,0.02,1.2
91,46.15,1.312,30.29,29.76,0.03,0.025,0.005,0.8
91,46.15,1.312,30.29,29.76,0.03,0.025,0.01,0.8
91,46.15,1.312,30.29,29.76,0.03,0.025,0.015,0.8
91,46.15,1.312,30.29,29.76,0.03,0.025,0.02,0.8
34,55.88,1.306,10.53,14.25,0.02,0.025,0.005,1.2
34,55.88,1.306,10.53,14.25,0.02,0.025,0.01,1.2
34,55.88,1.306,10.53,14.25,0.02,0.025,0.015,1.2
34,55.88,1.306,10.53,14.25,0.02,0.025,0.02,1.2
91,42.86,1.297,27.32,31.63,0.03,0.02,0.005,0.8
91,42.86,1.297,27.32,31.63,0.03,0.02,0.01,0.8
91,42.86,1.297,27.32,31.63,0.03,0.02,0.015,0.8
91,42.86,1.297,27.32,31.63,0.03,0.02,0.02,0.8
34,52.94,1.293,10.98,17.54,0.03,0.04,0.005,1.2
34,52.94,1.293,10.98,17.54,0.03,0.04,0.01,1.2
34,52.94,1.293,10.98,17.54,0.03,0.04,0.015,1.2
34,52.94,1.293,10.98,17.54,0.03,0.04,0.02,1.2
34,52.94,1.277,10.41,17.97,0.03,0.03,0.005,1.2
34,52.94,1.277,10.41,17.97,0.03,0.03,0.01,1.2
34,52.94,1.277,10.41,17.97,0.03,0.03,0.015,1.2
34,52.94,1.277,10.41,17.97,0.03,0.03,0.02,1.2
75,54.67,1.266,17.4,22.92,0.015,0.02,0.005,1.0
75,54.67,1.266,17.4,22.92,0.015,0.02,0.01,1.0
75,54.67,1.266,17.4,22.92,0.015,0.02,0.015,1.0
75,54.67,1.266,17.4,22.92,0.015,0.02,0.02,1.0
75,49.33,1.263,18.09,26.84,0.02,0.02,0.005,1.0
75,49.33,1.263,18.09,26.84,0.02,0.02,0.01,1.0
75,49.33,1.263,18.09,26.84,0.02,0.02,0.015,1.0
75,49.33,1.263,18.09,26.84,0.02,0.02,0.02,1.0
91,46.15,1.26,25.07,30.32,0.03,0.03,0.005,0.8
91,46.15,1.26,25.07,30.32,0.03,0.03,0.01,0.8
91,46.15,1.26,25.07,30.32,0.03,0.03,0.015,0.8
91,46.15,1.26,25.07,30.32,0.03,0.03,0.02,0.8
75,53.33,1.248,18.31,28.09,0.02,0.04,0.005,1.0
75,53.33,1.248,18.31,28.09,0.02,0.04,0.01,1.0
75,53.33,1.248,18.31,28.09,0.02,0.04,0.015,1.0
75,53.33,1.248,18.31,28.09,0.02,0.04,0.02,1.0
75,52.0,1.243,17.47,26.43,0.02,0.025,0.005,1.0
75,52.0,1.243,17.47,26.43,0.02,0.025,0.01,1.0
75,52.0,1.243,17.47,26.43,0.02,0.025,0.015,1.0
75,52.0,1.243,17.47,26.43,0.02,0.025,0.02,1.0
75,57.33,1.232,15.65,22.62,0.015,0.025,0.005,1.0
75,57.33,1.232,15.65,22.62,0.015,0.025,0.01,1.0
75,57.33,1.232,15.65,22.62,0.015,0.025,0.015,1.0
75,57.33,1.232,15.65,22.62,0.015,0.025,0.02,1.0
75,58.67,1.226,15.47,24.36,0.015,0.04,0.005,1.0
75,58.67,1.226,15.47,24.36,0.015,0.04,0.01,1.0
75,58.67,1.226,15.47,24.36,0.015,0.04,0.015,1.0
75,58.67,1.226,15.47,24.36,0.015,0.04,0.02,1.0
92,51.09,1.216,19.17,25.94,0.02,0.04,0.005,0.8
92,51.09,1.216,19.17,25.94,0.02,0.04,0.01,0.8
92,51.09,1.216,19.17,25.94,0.02,0.04,0.015,0.8
92,51.09,1.216,19.17,25.94,0.02,0.04,0.02,0.8
34,55.88,1.212,7.32,14.49,0.02,0.04,0.005,1.2
34,55.88,1.212,7.32,14.49,0.02,0.04,0.01,1.2
34,55.88,1.212,7.32,14.49,0.02,0.04,0.015,1.2
34,55.88,1.212,7.32,14.49,0.02,0.04,0.02,1.2
92,50.0,1.211,18.32,24.22,0.02,0.025,0.005,0.8
92,50.0,1.211,18.32,24.22,0.02,0.025,0.01,0.8
92,50.0,1.211,18.32,24.22,0.02,0.025,0.015,0.8
92,50.0,1.211,18.32,24.22,0.02,0.025,0.02,0.8
34,50.0,1.198,6.32,17.47,0.02,0.02,0.005,1.2
34,50.0,1.198,6.32,17.47,0.02,0.02,0.01,1.2
34,50.0,1.198,6.32,17.47,0.02,0.02,0.015,1.2
34,50.0,1.198,6.32,17.47,0.02,0.02,0.02,1.2
34,55.88,1.197,6.76,14.93,0.02,0.03,0.005,1.2
34,55.88,1.197,6.76,14.93,0.02,0.03,0.01,1.2
34,55.88,1.197,6.76,14.93,0.02,0.03,0.015,1.2
34,55.88,1.197,6.76,14.93,0.02,0.03,0.02,1.2
92,46.74,1.192,15.75,26.32,0.02,0.02,0.005,0.8
92,46.74,1.192,15.75,26.32,0.02,0.02,0.01,0.8
92,46.74,1.192,15.75,26.32,0.02,0.02,0.015,0.8
92,46.74,1.192,15.75,26.32,0.02,0.02,0.02,0.8
92,55.43,1.191,15.55,20.7,0.015,0.025,0.005,0.8
92,55.43,1.191,15.55,20.7,0.015,0.025,0.01,0.8
92,55.43,1.191,15.55,20.7,0.015,0.025,0.015,0.8
92,55.43,1.191,15.55,20.7,0.015,0.025,0.02,0.8
92,56.52,1.187,15.37,22.49,0.015,0.04,0.005,0.8
92,56.52,1.187,15.37,22.49,0.015,0.04,0.01,0.8
92,56.52,1.187,15.37,22.49,0.015,0.04,0.015,0.8
92,56.52,1.187,15.37,22.49,0.015,0.04,0.02,0.8
92,52.17,1.187,14.64,23.12,0.015,0.02,0.005,0.8
92,52.17,1.187,14.64,23.12,0.015,0.02,0.01,0.8
92,52.17,1.187,14.64,23.12,0.015,0.02,0.015,0.8
92,52.17,1.187,14.64,23.12,0.015,0.02,0.02,0.8
75,52.0,1.181,12.76,27.01,0.02,0.03,0.005,1.0
75,52.0,1.181,12.76,27.01,0.02,0.03,0.01,1.0
75,52.0,1.181,12.76,27.01,0.02,0.03,0.015,1.0
75,52.0,1.181,12.76,27.01,0.02,0.03,0.02,1.0
75,57.33,1.167,11.01,23.23,0.015,0.03,0.005,1.0
75,57.33,1.167,11.01,23.23,0.015,0.03,0.01,1.0
75,57.33,1.167,11.01,23.23,0.015,0.03,0.015,1.0
75,57.33,1.167,11.01,23.23,0.015,0.03,0.02,1.0
92,50.0,1.162,13.58,24.83,0.02,0.03,0.005,0.8
92,50.0,1.162,13.58,24.83,0.02,0.03,0.01,0.8
92,50.0,1.162,13.58,24.83,0.02,0.03,0.015,0.8
92,50.0,1.162,13.58,24.83,0.02,0.03,0.02,0.8
34,58.82,1.142,4.14,14.02,0.015,0.025,0.005,1.2
34,58.82,1.142,4.14,14.02,0.015,0.025,0.01,1.2
34,58.82,1.142,4.14,14.02,0.015,0.025,0.015,1.2
34,58.82,1.142,4.14,14.02,0.015,0.025,0.02,1.2
92,55.43,1.14,10.92,21.33,0.015,0.03,0.005,0.8
92,55.43,1.14,10.92,21.33,0.015,0.03,0.01,0.8
92,55.43,1.14,10.92,21.33,0.015,0.03,0.015,0.8
92,55.43,1.14,10.92,21.33,0.015,0.03,0.02,0.8
34,52.94,1.069,1.55,15.31,0.015,0.02,0.005,1.2
34,52.94,1.069,1.55,15.31,0.015,0.02,0.01,1.2
34,52.94,1.069,1.55,15.31,0.015,0.02,0.015,1.2
34,52.94,1.069,1.55,15.31,0.015,0.02,0.02,1.2
34,58.82,1.058,1.11,14.25,0.015,0.04,0.005,1.2
34,58.82,1.058,1.11,14.25,0.015,0.04,0.01,1.2
34,58.82,1.058,1.11,14.25,0.015,0.04,0.015,1.2
34,58.82,1.058,1.11,14.25,0.015,0.04,0.02,1.2
34,58.82,1.045,0.58,14.7,0.015,0.03,0.005,1.2
34,58.82,1.045,0.58,14.7,0.015,0.03,0.01,1.2
34,58.82,1.045,0.58,14.7,0.015,0.03,0.015,1.2
34,58.82,1.045,0.58,14.7,0.015,0.03,0.02,1.2
92,59.78,0.975,-3.8,23.56,0.01,0.025,0.005,0.8
92,59.78,0.975,-3.8,23.56,0.01,0.025,0.01,0.8
92,59.78,0.975,-3.8,23.56,0.01,0.025,0.015,0.8
92,59.78,0.975,-3.8,23.56,0.01,0.025,0.02,0.8
92,56.52,0.97,-3.88,24.26,0.01,0.02,0.005,0.8
92,56.52,0.97,-3.88,24.26,0.01,0.02,0.01,0.8
92,56.52,0.97,-3.88,24.26,0.01,0.02,0.015,0.8
92,56.52,0.97,-3.88,24.26,0.01,0.02,0.02,0.8
92,60.87,0.966,-4.73,25.28,0.01,0.04,0.005,0.8
92,60.87,0.966,-4.73,25.28,0.01,0.04,0.01,0.8
92,60.87,0.966,-4.73,25.28,0.01,0.04,0.015,0.8
92,60.87,0.966,-4.73,25.28,0.01,0.04,0.02,0.8
34,58.82,0.94,-3.03,16.04,0.01,0.025,0.005,1.2
34,58.82,0.94,-3.03,16.04,0.01,0.025,0.01,1.2
34,58.82,0.94,-3.03,16.04,0.01,0.025,0.015,1.2
34,58.82,0.94,-3.03,16.04,0.01,0.025,0.02,1.2
92,59.78,0.93,-7.66,24.16,0.01,0.03,0.005,0.8
92,59.78,0.93,-7.66,24.16,0.01,0.03,0.01,0.8
92,59.78,0.93,-7.66,24.16,0.01,0.03,0.015,0.8
92,59.78,0.93,-7.66,24.16,0.01,0.03,0.02,0.8
75,54.67,0.916,-6.68,23.39,0.01,0.02,0.005,1.0
75,54.67,0.916,-6.68,23.39,0.01,0.02,0.01,1.0
75,54.67,0.916,-6.68,23.39,0.01,0.02,0.015,1.0
75,54.67,0.916,-6.68,23.39,0.01,0.02,0.02,1.0
75,57.33,0.895,-8.65,23.4,0.01,0.025,0.005,1.0
75,57.33,0.895,-8.65,23.4,0.01,0.025,0.01,1.0
75,57.33,0.895,-8.65,23.4,0.01,0.025,0.015,1.0
75,57.33,0.895,-8.65,23.4,0.01,0.025,0.02,1.0
75,58.67,0.887,-9.53,25.13,0.01,0.04,0.005,1.0
75,58.67,0.887,-9.53,25.13,0.01,0.04,0.01,1.0
75,58.67,0.887,-9.53,25.13,0.01,0.04,0.015,1.0
75,58.67,0.887,-9.53,25.13,0.01,0.04,0.02,1.0
34,52.94,0.882,-4.84,15.31,0.01,0.02,0.005,1.2
34,52.94,0.882,-4.84,15.31,0.01,0.02,0.01,1.2
34,52.94,0.882,-4.84,15.31,0.01,0.02,0.015,1.2
34,52.94,0.882,-4.84,15.31,0.01,0.02,0.02,1.2
34,58.82,0.871,-5.85,16.29,0.01,0.04,0.005,1.2
34,58.82,0.871,-5.85,16.29,0.01,0.04,0.01,1.2
34,58.82,0.871,-5.85,16.29,0.01,0.04,0.015,1.2
34,58.82,0.871,-5.85,16.29,0.01,0.04,0.02,1.2
34,58.82,0.859,-6.34,16.72,0.01,0.03,0.005,1.2
34,58.82,0.859,-6.34,16.72,0.01,0.03,0.01,1.2
34,58.82,0.859,-6.34,16.72,0.01,0.03,0.015,1.2
34,58.82,0.859,-6.34,16.72,0.01,0.03,0.02,1.2
75,57.33,0.848,-12.31,25.09,0.01,0.03,0.005,1.0
75,57.33,0.848,-12.31,25.09,0.01,0.03,0.01,1.0
75,57.33,0.848,-12.31,25.09,0.01,0.03,0.015,1.0
75,57.33,0.848,-12.31,25.09,0.01,0.03,0.02,1.0
